/home/xxm/Desktop/EMSE/dataset/requests/requests/auth.py,hash_utf8,171
/home/xxm/Desktop/EMSE/dataset/requests/requests/auth.py,hash_utf8,200
/home/xxm/Desktop/EMSE/dataset/requests/requests/auth.py,HA1,200
/home/xxm/Desktop/EMSE/dataset/requests/requests/auth.py,hash_utf8,186
/home/xxm/Desktop/EMSE/dataset/requests/requests/auth.py,HA2,186
/home/xxm/Desktop/EMSE/dataset/requests/requests/auth.py,HA2,203
/home/xxm/Desktop/EMSE/dataset/requests/requests/auth.py,respdig,203
/home/xxm/Desktop/EMSE/dataset/requests/requests/auth.py,HA2,206
/home/xxm/Desktop/EMSE/dataset/requests/requests/auth.py,hash_utf8,185
/home/xxm/Desktop/EMSE/dataset/requests/requests/auth.py,HA1,185
/home/xxm/Desktop/EMSE/dataset/requests/requests/auth.py,HA1,200
/home/xxm/Desktop/EMSE/dataset/requests/requests/auth.py,HA1,203
/home/xxm/Desktop/EMSE/dataset/requests/requests/auth.py,respdig,203
/home/xxm/Desktop/EMSE/dataset/requests/requests/auth.py,HA1,208
/home/xxm/Desktop/EMSE/dataset/requests/requests/auth.py,respdig,208
/home/xxm/Desktop/EMSE/dataset/requests/requests/auth.py,respdig,217
/home/xxm/Desktop/EMSE/dataset/requests/requests/auth.py,hash_utf8,169
/home/xxm/Desktop/EMSE/dataset/requests/requests/auth.py,KD,169
/home/xxm/Desktop/EMSE/dataset/requests/requests/auth.py,KD,203
/home/xxm/Desktop/EMSE/dataset/requests/requests/auth.py,respdig,203
/home/xxm/Desktop/EMSE/dataset/requests/requests/auth.py,KD,208
/home/xxm/Desktop/EMSE/dataset/requests/requests/auth.py,respdig,208
/home/xxm/Desktop/EMSE/dataset/requests/requests/auth.py,respdig,217
/home/xxm/Desktop/EMSE/dataset/requests/requests/sessions.py,cookies,441
/home/xxm/Desktop/EMSE/dataset/requests/requests/sessions.py,auth,457
/home/xxm/Desktop/EMSE/dataset/requests/requests/models.py,body,484
/home/xxm/Desktop/EMSE/dataset/requests/requests/models.py,body,489
/home/xxm/Desktop/EMSE/dataset/requests/requests/models.py,fdata,165
/home/xxm/Desktop/EMSE/dataset/requests/requests/models.py,rf,165
/home/xxm/Desktop/EMSE/dataset/requests/requests/models.py,rf,166
/home/xxm/Desktop/EMSE/dataset/requests/requests/models.py,rf,167
/home/xxm/Desktop/EMSE/dataset/requests/requests/models.py,content_type,517
/home/xxm/Desktop/EMSE/dataset/requests/requests/models.py,content_type,518
/home/xxm/Desktop/EMSE/dataset/requests/requests/models.py,auth,546
/home/xxm/Desktop/EMSE/dataset/requests/requests/models.py,auth,549
/home/xxm/Desktop/EMSE/dataset/requests/requests/models.py,r,549
/home/xxm/Desktop/EMSE/dataset/requests/requests/models.py,r,552
/home/xxm/Desktop/EMSE/dataset/requests/requests/models.py,auth,544
/home/xxm/Desktop/EMSE/dataset/requests/requests/adapters.py,cert_loc,223
/home/xxm/Desktop/EMSE/dataset/requests/requests/adapters.py,cert_loc,226
/home/xxm/Desktop/EMSE/dataset/requests/requests/adapters.py,cert_loc,228
/home/xxm/Desktop/EMSE/dataset/requests/requests/adapters.py,cert_loc,233
/home/xxm/Desktop/EMSE/dataset/requests/requests/adapters.py,cert_loc,232
/home/xxm/Desktop/EMSE/dataset/requests/requests/adapters.py,cert_loc,235
/home/xxm/Desktop/EMSE/dataset/requests/requests/utils.py,current_position,159
/home/xxm/Desktop/EMSE/dataset/requests/requests/compat.py,str,70
/home/xxm/Desktop/EMSE/dataset/requests/requests/compat.py,basestring,70
